title,body,type,is_optional,is_latest,version_id,version,effective_date
개인정보 처리방침,"# 제1조(목적)
(주) 오투유엑스(이하 '회사'라고 합니다.) 는 회사가 제공하고자 하는 서비스(이하 '회사 서비스”)를 이용하는 개인(이하 ‘이용자' 또는 '개인')의 정보(이하 '개인정보)를 보호하기 위해,개인정보보호법, 정보통신망 이용촉진 및 정보보호 등에 관한 법률(이하 '정보통신망법') 등 관련 법령을 준수하고, 서비스 이용자의 개인정보 보호 관련한 고충을 신속하고 원활하게 처리할 수 있도록 하기 위하여 다음과 같이 개인정보 처리 방침(이하 '본 방침')을 수립합니다.
# 제2조(개인정보 처리의 원칙)
개인정보 관련 법령 및 본 방침에 따라 회사는 이용자의 개인정보를 수집할 수 있으며 수집된 개인정보는 개인의 동의가 있는 경우에 한해 제3자에게 제공될 수 있습니다. 단, 법령의 규정 등에 의해 적법하게 강제되는 경우 회사는 수집한 이용자의 개인정보를 사전에 개인의 동의 없이 제3자에게 제공할 수도 있습니다.
# 제3조 (본 방침의 공개)
## 1. 회사는  이용자가 언제든지 쉽게 본 방침을 확인할 수 있도록 회사 홈페이지 첫 화면 또는 첫 화면과의 연결 화면을 통해 본 방침을 공개하고 있습니다.
## 2. 회사는 제1항에 따라 본 방침을 공개하는 경우 글자 크기, 색상 등을 활용하여 이용자가 본 방침을 쉽게 확인할 수 있도록 합니다.
# 제4조 (본 방침의 변경)
## 1. 본 방침은 개인정보 관련 법령, 지침, 고시 또는 정부나 회사 서비스의 정책이나 내용의 변경에 따라 개정될 수 있습니다.
## 2. 회사는 제1항에 따라 본 방침을 개정하는 경우 다음 각호 하나 이상의 방법으로 공지합니다.
### 가. 회사가 운영하는 인터넷 홈페이지의 첫 화면의 공지사항란 또는 별도의 창을 통하여 공지하는 방법 
### 나. 서면·모사전송·전자우편 또는 이와 비슷한 방법으로 이용자에게 공지하는 방법
## 3. 회사는 제2항의 공지는 본 방침 개정의 시행일로부터 최소 7일 이전에 공지합니다. 다만, 이용자 권리의 중요한 변경이 있을 경우에는 최소 30일 전에 공지합니다.
# 제5조(회원가입을 위한 정보)
회사는 이용자의 회사 서비스에 대한 회원가입을 위하여 다음과 같은 정보를 수집합니다.
## 1. 필수 수집 정보 : 이메일, 비밀번호, 이름, 휴대폰 번호
## 2. 선택 수집 정보 : 프로필 사진, 성별
# 제6조(본인 인증을 위한 정보)
회사는 이용자의 본인인증을 위하여 다음과 같은 정보를 수집합니다.
## 1. 필수 수집 정보 : 휴대폰 번호, 이메일 , 비밀번호, 이름, 생년월일, 성별, 암호화된 이용자 확인 값(CI), 중복가입확인 정보(DI) 및 내/외국인 여부
# 제7조(현금 영수증 발행을 위한 정보)
회사는 이용자의 현금영수증을 발행하기 위하여 다음과 같은 정보를 수집합니다.
## 1. 필수 수집 정보: 현금영수증 발행 대상자 이름, 휴대폰 번호 및 현금영수증 카드번호
# 제8조(회사 서비스 제공을 위한 정보)
회사는 이용자에게 회사의 서비스를 제공하기 위하여 다음과 같은 정보를 수집합니다.
## 1. 필수 수집 정보 : 이메일, 이름, 휴대폰 번호
## 2. 선택 수집 정보 : 성별, 생년월일, 여행 취향 정보, 여행 관심사 정보 / (실물상품 지급 시) 이름, 전화번호, 주소, (모바일상품 지급 시) 전화번호 및 (제세공과금 처리 시) 이름, 주민등록번호, 전화번호, 주소, 이메일 
# 제9조(서비스 이용 및 부정 이용 확인을 위한 정보)
회사는 이용자의 서비스 이용에 따른 통계 • 분석 및 부정 이용의 확인 • 분석을 위하여 다음과 같은 정보를 수집합니다. (부정 이용이란 회원 탈퇴 후 재가입, 상품 구매 후 구매취소 등을 반복적으로 행하는 등 회사가 제공하는 할인쿠폰, 이벤트 혜택 등의 경제상 이익을 불·편법적으로 수취하는 행위, 이용약관 등에서 금지하고 있는 행위, 명의도용 등의 불·편법 행위 등을 말합니다. 수집되는 정보는 회사 서비스 이용에 따른 통계분석에 이용 될 수 있습니다.)
## 1. 필수 수집 정보 : 서비스 이용기록, 쿠키, 접속지 정보 및 기기정보
# 제10조(개인정보 수집 방법)
회사는 다음과 같은 방법으로 이용자의 개인정보를 수집합니다.
## 1. 이용자가 회사의 홈페이지에 자신의 개인정보를 입력하는 방식
## 2. 어플리케이션 등 회사가 제공하는 홈페이지 외의 서비스를 통해 이용자가 자신의 개인정보를 입력하는 방식
## 3. 회사 명의 발송의 이메일을 수신한 이용자가 이에 대해 응답하는 방식
## 4. 이용자가 고객센터의 상담, 게시판에서의 활동 등 회사의 서비스를 이용하는 과정에서 이용자가 입력하는 방식
# 제11조(개인정보의 이용)
회사는 개인정보를 다음 각 호의 경우에 이용합니다.
## 1. 공지 사항의 전달 등 회사 운영에 필요한 경우
## 2. 이용문의에 대한 회신, 불만 처리 등 이용자에 대한 서비스 개선을 위한 경우
## 3. 회사의 서비스를 제공하기 위한 경우
## 4. 신규 서비스 개발을 위한 경우
## 5. 법령 및 회사 약관을 위반하는 회원에 대한 이용 제한 조치, 부정 이용 행위를 포함하여 서비스의 원활한 운영에 지장을 주는 행위에 대한 방지 및 제재를 위한 경우
## 6. 이벤트 및 행사 안내 등 마케팅을 위한 경우
## 7. 인구통계학적 분석, 서비스 방문 및 이용기록의 분석을 위한 경우
## 8. 개인정보 및 관심에 기반한 이용자간 관계의 형성을 위한 경우
# 제12조(개인정보의 보유 및 이용기간)
## 1. 회사는 이용자의 개인정보에 대해 개인정보의 수집·이용 목적 달성을 위한 기간 동안 개인정보를 보유 및 이용합니다.
## 2. 전항에도 불구하고 회사는 내부 방침에 의해 서비스 부정 이용기록은 부정 가입 및 이용 방지를 위하여 회원 탈퇴 시점으로부터 최대 1년간 보관합니다.
# 제13조(사전동의 등에 따른 개인정보의 제공)
회사는 개인정보 제3자 제공 금지에도 불구하고, 이용자가 사전에 공개하거나 다음 각호 사항에 대하여 동의한 경우에는 제3자에게 개인정보를 제공할 수 있습니다. 다만 이 경우에도 회사는 관련 법령 내에서 최소한으로 개인정보를 제공합니다.
## 1. 랜드사에게 투어의 원활한 운영을 위하여 회원가입, 서비스 이용을 위해 수집한 정보를 제공
## 2.회사는 전항의 제3자 제공 관계에 변화가 있거나 제3자 제공 관계가 종결될 때도 같은 절차에 의해 이용자에게 고지 및 동의를 구합니다.
# 제14조(법령에 따른 개인정보의 보유 및 이용기간)
회사는 관계 법령에 따라 다음과 같이 개인정보를 보유 및 이용합니다.
## 1. 전자상거래 등에서의 소비자보호에 관한 법률에 따른 보유정보 및 보유기간
### 가. 계약 또는 청약철회 등에 관한 기록 : 5년
### 나. 대금결제 및 재화 등의 공급에 관한 기록 : 5년 
### 다. 소비자의 불만 또는 분쟁처리에 관한 기록 : 3년 
### 라. 표시·광고에 관한 기록 : 6개월
## 2. 통신비밀보호법에 따른 보유정보 및 보유기간
### 가. 웹사이트 로그 기록 자료 : 3개월
## 3. 전자금융거래법에 따른 보유정보 및 보유기간
### 가. 전자금융거래에 관한 기록 : 5년
## 4. 위치정보의 보호 및 이용 등에 관한 법률
### 가. 개인위치정보에 관한 기록 : 6개월
# 제15조(서비스 미이용자에 대한 개인정보처리)
## 1. 회사는 1년 동안 회사의 서비스를 이용하지 않은 이용자의 개인정보는 원칙적으로 이용자에게 사전통지하고 개인정보를 파기하거나 별도로 분리하여 저장합니다.
## 2. 회사는 장기 미이용 이용자의 개인정보는 별도로 분리되어 안전하게 보관하게 되며, 해당 이용자의 통지는 분리 보관 처리 일을 기준으로 최소 30일 이전에 전자우편주소로 전송됩니다.
## 3.장기 미이용 이용자는 회사가 미이용자 DB를 별도로 분리하기 전에 계속 서비스를 이용하고자 하는 경우 웹사이트(이하‘모바일앱’ 포함)에 로그인하시면 됩니다.
##4. 장기 미이용 이용자는 웹사이트에 로그인할 경우 이용자의 동의에 따라 본인의 계정을 복원할 수 있습니다.
##5. 회사는 분리 보관된 개인정보를 4년간 보관 후 지체없이 파기합니다.
# 제16조(개인정보의 파기원칙)
회사는 원칙적으로 이용자의 개인정보 처리 목적의 달성, 보유·이용 기간의 경과 등 개인정보가 필요하지 않을 경우에는 해당 정보를 지체 없이 파기합니다.
# 제17조(개인정보파기절차)
## 1. 이용자가 회원가입 등을 위해 입력한 정보는 개인정보 처리 목적이 달성된 후 별도의 DB로 옮겨져(종이의 경우 별도의 서류함) 내부 방침 및 기타 관련 법령에 의한 정보보호 사유에 따라(보유 및 이용 기간 참조) 일정 기간 저장된 후 파기됩니다.
## 2. 회사는 파기 사유가 발생한 개인정보를 개인정보보호 책임자의 승인 절차를 거쳐 파기합니다.
# 제18조(개인정보파기방법)
회사는 전자적 파일형태로 저장된 개인정보는 기록을 재생할 수 없는 기술적 방법을 사용하여 삭제하며, 종이로 출력된 개인정보는 분쇄기로 분쇄하거나 소각 등을 통하여 파기합니다.
# 제19조(광고성 정보의 전송 조치)
## 1. 회사는 전자적 전송매체를 이용하여 영리 목적의 광고성 정보를 전송하는 경우 이용자의 명시적인 사전 동의를 받습니다. 다만, 다음 각호 어느 하나에 해당하는 경우에는 사전 동의를 받지 않습니다.
### 가. 회사가 재화 등의 거래관계를 통하여 수신자로부터 직접 연락처를 수집한 경우, 거래가 종료된 날로부터 6개월 이내에 회사가 처리하고 수신자와 거래한 것과 동종의 재화 등에 대한 영리 목적의 광고성 정보를 전송하려는 경우
### 나. 「방문판매 등에 관한 법률」에 따른 전화권유판매자가 육성으로 수신자에게 개인정보의 수집 출처를 고지하고 전화 권유를 하는 경우
## 2. 회사는 전항에도 불구하고 수신자가 수신 거부 의사를 표시하거나 사전 동의를 철회한 경우에는 영리 목적의 광고성 정보를 전송하지 않으며 수신 거부 및 수신 동의 철회에 대한 처리 결과를 알립니다.
## 3. 회사는 오후 9시부터 그다음 날 오전 8시까지의 시간에 전자적 전송매체를 이용하여 영리 목적의 광고성 정보를 전송하는 경우에는 제1항에도 불구하고 그 수신자로부터 별도의 사전 동의를 받습니다.
## 4. 회사는 전자적 전송매체를 이용하여 영리 목적의 광고성 정보를 전송하는 경우 다음의 사항 등을 광고성 정보에 구체적으로 밝힙니다.
### 가. 회사명 및 연락처
### 나. 수신 거부 또는 수신 동의의 철회 의사표시에 관한 사항의 표시
## 5. 회사는 전자적 전송매체를 이용하여 영리 목적의 광고성 정보를 전송하는 경우 다음 각호의 어느 하나에 해당하는 조치를 하지 않습니다.
### 가. 광고성 정보 수신자의 수신 거부 또는 수신 동의의 철회를 회피·방해하는 조치
### 나. 숫자·부호 또는 문자를 조합하여 전화번호·전자우편주소 등 수신자의 연락처를 자동으로 만들어 내는 조치
### 다. 영리 목적의 광고성 정보를 전송할 목적으로 전화번호 또는 전자우편주소를 자동으로 등록하는 조치 
### 라. 광고성 정보 전송자의 신원이나 광고 전송 출처를 감추기 위한 각종 조치
### 마. 영리 목적의 광고성 정보를 전송할 목적으로 수신자를 기망하여 회신을 유도하는 각종 조치
# 제20조(아동의 개인정보보호)
## 1. 회사는 만 14세 미만 아동의 개인정보 보호를 위하여 만 14세 이상의 이용자에 한하여 회원가입을 허용합니다.
## 2. 제1항에도 불구하고 회사는 이용자가 만 14세 미만의 아동일 경우에는, 그 아동의 법정대리인으로부터 그 아동의 개인정보 수집, 이용, 제공 등의 동의를 그 아동의 법정대리인으로부터 받습니다.
## 3. 제2항의 경우 회사는 그 법정대리인의 이름, 생년월일, 성별, 중복가입 확인 정보(ID), 휴대폰 번호 등을 추가로 수집합니다.
# 제21조(개인정보 조회 및 수집동의 철회)
## 1. 이용자 및 법정 대리인은 언제든지 등록되어 있는 자신의 개인정보를 조회하거나 수정할 수 있으며 개인정보수집 동의 철회를 요청할 수 있습니다.
## 2. 이용자 및 법정 대리인은 자신의 가입 정보 수집 등에 대한 동의를 철회하기 위해서는 개인정보보호 책임자 또는 담당자에게 서면, 전화 또는 전자우편주소로 연락하시면 회사는 지체 없이 조치하겠습니다.
# 제22조(개인정보 정보변경 등)
## 1. 이용자는 회사에게 전조의 방법을 통해 개인정보의 오류에 대한 정정을 요청할 수 있습니다.
## 2. 회사는 전항의 경우에 개인정보의 정정을 완료하기 전까지 개인정보를 이용 또는 제공하지 않으며 잘못된 개인정보를 제3자에게 이미 제공한 경우에는 정정 처리결과를 제3자에게 지체 없이 통지하여 정정이 이루어지도록 하겠습니다.
# 제23조(이용자의 의무)
## 1. 이용자는 자신의 개인정보를 최신의 상태로 유지해야 하며, 이용자의 부정확한 정보 입력으로 발생하는 문제의 책임은 이용자 자신에게 있습니다.
## 2. 타인의 개인정보를 도용한 회원가입의 경우 이용자 자격을 상실하거나 관련 개인정보보호 법령에 의해 처벌 받을 수 있습니다.
## 3. 이용자는 전자우편주소, 비밀번호 등에 대한 보안을 유지할 책임이 있으며 제3자에게 이를 양도하거나 대여할 수 없습니다.
# 제24조(회사의 개인정보 관리)
회사는 이용자의 개인정보를 처리함에 있어 개인정보가 분실, 도난, 유출, 변조, 훼손 등이 되지 아니하도록 안전성을 확보하기 위하여 필요한 기술적·관리적 보호 대책을 강구하고 있습니다.
# 제25조(삭제된 정보의 처리)
회사는 이용자 혹은 법정 대리인의 요청에 의해 해지 또는 삭제된 개인정보는 회사가 수집하는 ""개인정보의 보유 및 이용 기간""에 명시된 바에 따라 처리하고 그 외의 용도로 열람 또는 이용할 수 없도록 처리하고 있습니다.
# 제26조(비밀번호의 암호화)
이용자의 비밀번호는 일방향 암호화하여 저장 및 관리되고 있으며, 개인정보의 확인, 변경은 비밀번호를 알고 있는 본인에 의해서만 가능합니다.
# 제27조(해킹 등에 대비한 대책)
## 1. 회사는 해킹, 컴퓨터 바이러스 등 정보통신망 침입에 의해 이용자의 개인정보가 유출되거나 훼손되는 것을 막기 위해 최선을 다하고 있습니다.
## 2. 회사는 최신 백신 프로그램을 이용하여 이용자들의 개인정보나 자료가 유출 또는 손상되지 않도록 방지하고 있습니다.
## 3. 회사는 만일의 사태에 대비하여 침입 차단 시스템을 이용하여 보안에 최선을 다하고 있습니다.
## 4. 회사는 민감한 개인정보를 수집 및 보유하고 있는 경우) 를 암호화 통신 등을 통하여 네트워크상에서 개인 정보를 안전하게 전송할 수 있도록 하고 있습니다.
# 제28조(국외 이전 개인정보의 보호)
## 1. 회사는 이용자의 개인정보에 관하여 개인정보보호법 등 관계 법규를 위반하는 사항을 내용으로 하는 국제계약을 체결하지 않습니다.
## 2. 회사는 이용자의 개인정보를 국외에 제공(조회되는 경우를 포함)ㆍ처리위탁ㆍ보관(이하 ""이전""이라 함)하려면 이용자의 동의를 받습니다. 다만, 본조 제3항 각 호의 사항 모두를 개인정보보호법 등 관계 법규에 따라 공개하거나 전자우편 등 대통령령으로 정하는 방법에 따라 이용자에게 알린 경우에는 개인정보 처리위탁ㆍ보관에 따른 동의절차를 거치지 아니할 수 있습니다.
## 3. 회사는 본조 제2항 본문에 따른 동의를 받으려면 미리 다음 각 호의 사항 모두를 이용자에게 고지합니다.
### 가. 이전되는 개인정보 항목
### 나.개인정보가 이전되는 국가, 이전일시 및 이전방법
### 다. 개인정보를 이전받는 자의 성명(법인인 경우 그 명칭 및 정보관리 책임자의 연락처를 말한다)
### 라. 개인정보를 이전받는 자의 개인정보 이용목적 및 보유ㆍ이용 기간
## 4. 회사는 본조 제2항 본문에 따른 동의를 받아 개인정보를 국외로 이전하는 경우 개인정보보호법 대통령령 등 관계법규에서 정하는 바에 따라 보호조치를 합니다.
# 제29조(개인정보 처리 최소화 및 교육)
회사는 개인정보 관련 처리 담당자를 최소한으로 제한하며, 개인정보 처리자에 대한 교육 등 관리적 조치를 통해 법령 및 내부 방침 등의 준수를 강조하고 있습니다.
# 제30조(개인정보 유출 등에 대한 조치)
회사는 개인정보의 분실·도난·유출(이하 ""유출 등""이라 한다) 사실을 안 때에는 지체 없이 다음 각호의 모든 사항을 해당 이용자에게 알리고 방송통신위원회 또는 한국인터넷진흥원에 신고합니다.
## 1. 유출 등이 된 개인정보 항목
## 2. 유출 등이 발생한 시점
## 3. 이용자가 취할 수 있는 조치
## 4. 정보통신서비스 제공자 등의 대응 조치
## 5. 이용자가 상담 등을 접수할 수 있는 부서 및 연락처
# 제31조(개인정보 유출 등에 대한 조치의 예외)
회사는 전조에도 불구하고 이용자의 연락처를 알 수 없는 등 정당한 사유가 있는 경우에는 회사의 홈페이 지에 30일 이상 게시하는 방법으로 전조의 통지를 갈음하는 조치를 취할 수 있습니다.
# 제32조(개인정보 자동 수집 장치의 설치·운영 및 거부에 관한 사항)
## 1. 회사는 이용자에게 개별적인 맞춤 서비스를 제공하기 위해 이용 정보를 저장하고 수시로 불러오는 개인정보 자동 수집 장치(이하 '쿠키')를 사용합니다. 쿠키는 웹사이트를 운영하는 데 이용되는 서버(http)가 이용자의 웹브라우저(PC 및 모바일을 포함)에게 보내는 소량의 정보이며 이용자의 저장공간에 저장되기도 합니다.
## 2. 이용자는 쿠키 설치에 대한 선택권을 가지고 있습니다. 따라서 이용자는 웹브라우저에서 옵션을 설정함으로써 모든 쿠키를 허용하거나, 쿠키가 저장될 때마다 확인을 거치거나, 아니면 모든 쿠키의 저장을 거부할 수도 있습니다.
## 3. 다만, 쿠키의 저장을 거부할 경우에는 로그인이 필요한 회사의 일부 서비스는 이용에 어려움이 있을 수 있습니다.
# 제33조(쿠키 설치 허용 지정 방법)
웹브라우저 옵션 설정을 통해 쿠키 허용, 쿠키 차단 등의 설정을 할 수 있습니다.
## 1. Edge : 웹브라우저 우측 상단의 설정 메뉴 > 쿠키 및 사이트 권한 > 쿠키 및 사이트 데이터 관리 및 삭제
## 2. Chrome: 웹브라우저 우측 상단의 설정 메뉴 > 개인정보 및 보안 > 쿠키 및 기타 사이트 데이터
## 3. Whale : 웹브라우저 우측 상단의 설정 메뉴 > 개인정보 보호 > 쿠키 및 기타 사이트 데이터
# 제34조(회사의 개인정보 보호 책임자 지정)
## 1. 회사는 이용자의 개인정보를 보호하고 개인정보와 관련한 불만을 처리하기 위하여 아래와 같이 관련 부서 및 개인정보 보호책임자를 지정하고 있습니다.
### 가. 개인정보 보호 책임자
### 1) 성명: 안수진
### 2) 직책 : 대표
### 3) 전화번호: 02.529.8665
### 4) 이메일: ahnleesa@o2ux.com
# 제35조(권익침해에 대한 구제방법)
## 1. 정보 주체는 개인정보 침해로 인한 구제를 받기 위하여 개인정보 분쟁조정위원회, 한국인터넷진흥원 개인정보 침해신고센터 등에 분쟁 해결이나 상담 등을 신청할 수 있습니다. 이밖에 기타 개인정보 침해의 신고, 상담에 대하여는 아래의 기관에 문의하시기 바랍니다.
### 가. 개인정보분쟁조정위원회 : (국번없이) 1833-6972 (www.kopico.go.kr)
### 나. 개인정보침해신고센터 : (국번없이) 118 (privacy.kisa.or.kr)
### 다. 대검찰청 : (국번없이) 1301 (www.spo.go.kr)
### 라. 경찰청: (국번없이) 182 (ecrm.cyber.go.kr)
## 2. 회사는 정보 주체의 개인정보자기결정권을 보장하고, 개인정보 침해로 인한 상담 및 피해 구제를 위해 노력하고 있으며, 신고나 상담이 필요한 경우 제1항의 담당 부서로 연락해 주시기 바랍니다.
## 3. 개인정보 보호법 제35조(개인정보의 열람), 제36조(개인정보의 정정·삭제), 제37조(개인정보의 처리정지 등)의 규정에 의한 요구에 대하여 공공기관의 장이 행한 처분 또는 부작위로 인하여 권리 또는 이익의 침해를 받은 자는 행정심판법이 정하는 바에 따라 행정심판을 청구할 수 있습니다.
### 가. 중앙행정심판위원회 : (국번없이) 110 (www.simpan.go.kr)
# 부칙
제1조 본 방침은 2025.03.01.부터 시행됩니다.",app_personal_info,false,true,1,0.1,2025-03-01
개인정보수집동의서,"(주) 오투유엑스(이하 '회사'라고 합니다.)는 개인정보보호법 등 관련 법령상의 개인정보보호 규정을 준수하며 귀하의 개인정보보호에 최선을 다하고 있습니다. 회사는 개인정보보호법에 근거하여 다음과 같은 내용으로 개인정보를 수집 및 처리하고자 합니다.
다음의 내용을 자세히 읽어보시고 모든 내용을 이해하신 후에 동의 여부를 결정해주시기 바랍니다.
# 제1조(회원 가입을 위한 정보)
회사는 이용자의 회사 서비스에 대한 회원가입을 위하여 다음과 같은 정보를 수집합니다.
## 1.  [필수 수집 정보] : 이메일 주소, 비밀번호, 이름, 휴대폰 번호
## 2. [선택 수집 정보] : 프로필 사진, 성별
# 제2조(본인 인증을 위한 정보)
회사는 이용자의 본인인증을 위하여 다음과 같은 정보를 수집합니다.
## [필수 수집 정보] : 휴대폰 번호, 이메일, 이름, 생년월일, 성별, 본인확인값(CI, DI), 이동통신사, 아이핀 정보(아이핀 확인 시) 및 내/외국인 여부
# 제3조(현금 영수증 발행을 위한 정보)
회사는 이용자의 현금영수증을 발행하기 위하여 다음과 같은 정보를 수집합니다.
## 1. [필수 수집 정보] : 현금영수증 발행 대상자 이름, 휴대폰 번호 및 현금영수증 카드번호
# 제4조(회사 서비스 제공을 위한 정보)
회사는 이용자에게 회사의 서비스를 제공하기 위하여 다음과 같은 정보를 수집합니다.
## 1. [필수 수집 정보] : 이메일, 이름, 휴대폰 번호
## 2. [선택 수집 정보] : 성별, 생년월일, 여행 취향 정보, 여행 관심사 정보 / (실물상품 지급 시) 이름, 전화번호, 주소, (모바일상품 지급 시) 전화번호 및 (제세공과금 처리 시) 이름, 주민등록번호, 전화번호, 주소, 이메일
#제5조(서비스 이용 및 부정 이용 확인을 위한 정보)
회사는 이용자의 서비스 이용에 따른 통계•분석 및 부정 이용의 확인•분석을 위하여 다음과 같은 정보를 수집합니다. (부정 이용이란 회원 탈퇴 후 재가입, 상품 구매 후 구매 취소 등을 반복적으로 행하는 등 회사가 제공하는 할인쿠폰, 이벤트 혜택 등의 경제상 이익을 불·편법적으로 수취하는 행위, 이용약관 등에서 금지하고 있는 행위, 명의도용 등의 불·편법 행위 등을 말합니다.)
## [필수 수집 정보] : 서비스 이용 기록, 쿠키, 접속지 정보 및 기기 정보
# 제6조(개인정보 보유 및 이용 기간)
## 1. 수집한 개인정보는 수집·이용 동의일로부터 1년간 보관 및 이용합니다.
## 2. 개인정보 보유기간 경과, 처리 목적의 달성 등 개인정보가 불필요하게 되었을 때에는 지체없이 해당 개인 정보를 파기합니다.
# 제7조(동의 거부 관리)
귀하는 본 안내에 따른 개인정보 수집·이용에 대하여 동의를 거부할 권리가 있습니다. 다만, 귀하가 개인 정보 동의를 거부하시는 경우에 서비스 이용 중 일부제한의 불잉익이 발생할 수 있음을 알려드립니다.
본인은 위의 동의서 내용을 충분히 숙지하였으며, 위와 같이 개인정보를 수집·이용하는데 동의합니다.",app_personal_info,false,true,1,0.1,2025-03-01
서비스이용약관,"# 제1조(목적)
이 약관은 (주)오투유엑스(이하 '당사'라고 합니다.)가 운영하는 웹사이트(https://www.moyotrip.com) 및 어플리케이션(Application, 이하 웹사이트와 어플리케이션을 통칭하여 ""MOYO 플랫폼"")에서 제공하는 서비스(이하 ""서비스""라 합니다)를 이용과 관련하여 당사와 회원과의 권리, 의무 및 책임사항, 기타 필요한 사항을 규정함을 목적으로 합니다.
# 제2조(정의)
이 약관에서 사용하는 주요 용어의 정의는 다음과 같습니다.
## 1. '서비스'라 함은 구현되는 단말기(PC, TV, 휴대형단말기 등의 각종 유무선 장치를 포함)와 상관없이 '이용자'가 이용할 수 있는 당사가 제공하는 제반 서비스를 의미합니다.
## 2. '이용자'란 이 약관에 따라 당사가 제공하는 서비스를 받는 '개인회원', '기업회원' 및 '비회원'을 말합니다.
## 3. '개인회원'은 당사에 개인정보를 제공하여 회원등록을 한 사람으로, 당사로부터 지속적으로 정보를 제공받고 '당사'가 제공하는 서비스를 계속적으로 이용할 수 있는 자를 말합니다.
## 4. ‘콘텐츠’는 프로그램, 소프트웨어 기타 형식을 불문하고 서비스와 관련한 각종 이미지, 텍스트 정보, 관련 자료 및 정보 등을 말합니다.
## 5.  ‘MOYO앱’ 은 회사가 서비스 제공을 위하여 자체 개발한 여행 경험 커뮤니티, 내 근처 동행 모집, 여행 팁,  기능 등을 탑재한 어플리케이션(iOS 또는 안드로이드 버전)을 말합니다.
## 6. ‘판매자’라 함은 서비스를 통하여 재화 및 용역 등(이하 “상품 등”)의 판매를 하기 위하여 회사와 서비스 이용계약을 체결한 자를 의미합니다.
## 7.  ‘구매자’라 함은 서비스를 통하여 상품 등을 구입하는 자를 의미하며, 회원과 비회원을 포함합니다. ## 8. “파트너""는 당사가 여행자에게 중개한 자로서 여행자에게 각종 여행 서비스를 제공하는 자를 말합니다.
## 9. “가이드”는 파트너 중 MOYO 플랫폼을 통해 직접 여행지에서 여행자에게 투어 서비스를 제공하는 자를 말합니다.
## 10. '비회원'은 회원가입 없이 당사가 제공하는 서비스를 이용하는 자를 말합니다.
## 11.  ‘아이디’는 회원의 식별 및 서비스 이용을 위하여 회원이 정하고 회사가 승인하는 이메일 주소 형식의 문자 또는 숫자, 기호의 조합을 의미합니다.
## 12.  ‘비밀번호’는 회원이 부여 받은 아이디와 일치하는 회원임을 확인하기 위하여 회원 자신이 정한 문자 또는 숫자, 기호의 조합을 의미합니다.
# 제3조(약관 외 준칙)
이 약관에서 정하지 아니한 사항에 대해서는 법령 또는 당사가 정한 서비스의 개별약관, 운영 정책 및 규칙 등(이하 세부 지침)의 규정에 따릅니다. 또한 본 약관과 세부 지침이 충돌할 경우에는 세부 지침에 따릅니다.
# 제4조(약관의 효력과 변경)
## 1. 이 약관은 (주) 오투유엑스(이)가 제공하는 모든 인터넷서비스에 게시하여 공시합니다. '당사'는 '전자상거래 등에서의 소비자 보호에 관한 법률(이하 '전자상거래법'이라 함)', '약관의 규제에 관한 법률(이하 '약관규 제법'이라 함)', 전자문서 및 전자거래 기본법(이하 '전자문서법'이라 함)', '전자금융거래법 ', '정보통신망 이용촉진 및 정보보호 등에 관한 법률(이하 '정보통신망법'이라 함)', '소비자기본법' 등 관계 법령(이하 '관 계법령' 이라 함)에 위배되지 않는 범위 내에서 이 약관을 변경할 수 있으며, 당사는 약관이 변경되는 경우에 변경된 약관의 내용과 시행일을 정하여, 그 시행일로부터 최소 7일 (이용자에게 불리하거나 중대한 사항 의 변경은 30일) 이전부터 시행일 후 상당한 기간 동안 공지하고, 기존 이용자에게는 변경된 약관, 적용일자 및 변경사유(변경될 내용 중 중요사항에 대한 설명을 포함)를 별도의 전자적 수단(전자우편, 문자 메시지, 서비스 내 전자 쪽지 발송, 알림 메시지를 띄우는 등의 방법)으로 개별 통지합니다. 변경된 약관은 공지하거나 통지한 시행일로부터 효력이 발생합니다.
## 2. 당사가 제1항에 따라 개정약 관을 공지 또는 통지하는 경우 '변경에 동의하지 아니한 경우 공지일 또는 통지를 받은 날로부터 7일(이용자에게 불리하거나 중대한 사항의 변경인 경우에는 30일) 내에 계약을 해지할 수 있으며, 계약 해지의 의사표시를 하지 아니한 경우에는 변경에 동의한 것으로 본다.'  라는 취지의 내용을 함께 통지합니다.
## 3. 이용자가 제2항의 공지일 또는 통지를 받은 날로부터 7일(또는 이용자에게 불리하거나 중대한 사항의 변경인 경우에는 30일)내에 변경된 약관에 대해 거절의 의사를 표시하지 않았을 때에는 본 약관의 변경에 동의 한 것으로 간주합니다.
## 4. 이 약관은 당사와 이용자간에 성립되는 서비스 이용 관련 기본약정입니다. 당사는 필요한 경우 특정 서비스에 관하여 적용될 사항(이하 ""개별약관""이라고 합니다)을 정하여 미리 공지할 수 있으며, 이러한 개별약관에 동의하고 특정 서비스를 이용하는 경우에는 개별약관이 우선적으로 적용되고, 이 약관은 보충적인 효력을 갖습니다. 개별약관의 변경에 관해서는 위 제 1 항을 준용합니다.
# 제5조(이용자에 대한 통지)
## 1. 당사는 이 약관에 별도 규정이 없는 한 이용자에게 전자우편, 문자메시지(SMS), 전자 쪽지, 푸쉬(Push)알 림 등의 전자적 수단을 이용하여 통지할 수 있습니다.
## 2. 당사는 이용자 전체에 대한 통지의 경우 7일 이상 당사가 운영하는 웹사이트 내의 게시판에 게시함으로써 제1항의 통지에 갈음할 수 있습니다. 다만, 이용자 본인의 거래와 관련하여 중대한 영향을 미치는 사항에 대하여는 제1항의 개별 통지를 합니다.
## 3. 당사는 이용자의 연락처 미기재, 변경 후 미수정, 오기재 등으로 인하여 개별 통지가 어려운 경우에 한하여 전항의 공지를 함으로써 개별 통지를 한 것으로 간주합니다.
# 제6조(이용계약의 체결)
이용계약은 다음의 경우에 체결됩니다.
## 1. 이용자가 회원으로 가입하고자 하는 경우 이용자가 약관의 내용에 대하여 동의를 한 다음 회원가입 신청을 하고 당사가 이러한 신청에 대하여 승낙한 때
## 2. 이용자가 회원 가입 없이 이용할 수 있는 서비스에 대하여 회원 가입의 신청 없이 서비스를 이용하고자 하는 경우에는 당사 서비스 이용을 위해 결제하는 때
## 3. 이용자가 회원가입 없이 이용할 수 있는 서비스에 대하여 회원가입의 신청 없이 무료 서비스를 이용하고자 하는 경우에는 그 무료 서비스와 관련된 사항의 저장 등 부가서비스를 이용하면서 위 1호 및 2호의 절차를 진행한 때
# 제7조(회원가입에 대한 승낙)
## 1. 당사는 이용계약에 대한 요청이 있을 때 서비스 이용을 승낙함을 원칙으로 합니다.
## 2. 전항에도 불구하고, 다음 각호의 사유에 해당하는 경우 당사는 회원가입을 보류하거나 거절하는 등 제한할 수 있습니다.
### 가. 가입신청자가 이 약관에 의하여 이전에 회원자격을 상실한 적이 있는 경우(단, 당사의 재가입 승낙을 얻은 경우에는 예외로 함)
### 나. 실명이 아니거나 타인의 명의를 도용한 경우
### 다. 당사가 정하는 필수정보를 누락하거나 허위로 기재한 경우
### 라. 만 14세 미만의 아동, 만 19세 미만의 미성년자, 피한정후견인, 피성년후견인이 법정대리인의 동의를 얻지 않은 경우  ### 마. 이용자의 귀책 사유로 인하여 승인이 불가능하거나 기타 이 약관 등 당사가 규정한 운영 원칙을 위반한 경우
### 바. 신용정보의 이용과 보호에 관한 법률에 따라 PC통신, 인터넷 서비스의 신용불량자로 등록되어 있는 경우
### 사. 정보통신윤리위원회에 PC통신, 인터넷서비스의 불량 이용자로 등록되어 있는 경우
### 아. 이미 사용 중인 회원 정보 또는 공서양속을 저해하는 아이디를 사용하고자 하는 경우
## 3. 제1항에 따른 신청에 있어 당사는 서비스 제공에 필요한 경우 전문 기관을 통한 실명 확인 및 본인인증을 요청할 수 있습니다.
## 4. 당사는 서비스 관련 설비의 여유가 없거나, 기술상 또는 업무상 문제가 있는 경우에는 승낙을 유보할 수 있습니다.
## 5. 제2항과 제4항에 따라 서비스 이용을 승낙하지 아니하거나 유보한 경우, 당사는 원칙적으로 이를 서비스 이용 신청자에게 알리도록 합니다. 단, 당사의 귀책사유 없이 이용자에게 알릴 수 없는 경우에는 예외로 합니다.
## 6. 이용계약의 성립 시기는 제6조 제1호의 경우에는 당사가 가입완료를 신청절차 상에서 표시한 시점, 제6조제2호의 경우에는 결제가 완료되었다는 표시가 된 시점으로 합니다.
## 7. 당사는 회원에 대해 당사 정책에 따라 등급별로 구분하여 이용 시간, 이용 횟수, 서비스 메뉴 등을 세분하여 이용에 차등을 둘 수 있습니다.
## 8. 당사는 회원에 대하여 '영화 및 비디오물의 진흥에 관한 법률' 및 '청소년보호법' 등에 따른 등급 및 연령 준수를 위하여 이용 제한이나 등급별 제한을 둘 수 있습니다.
# 제8조(회원정보의 변경)
## 1. 회원은 개인정보관리 화면을 통하여 언제든지 본인의 개인정보를 열람하고 수정할 수 있습니다. 다만, 서비스 관리를 위해 필요한 실명, 이메일 등은 수정이 불가능합니다.
## 2. 회원은 회원 가입신청 시 기재한 사항이 변경되었을 경우 온라인으로 수정을 하거나 전자우편 기타 방법으로 당사에 대하여 그 변경 사항을 알려야 합니다.
## 3. 제2항의 변경 사항을 당사에 알리지 않아 발생한 불이익에 대하여는 회원에게 책임이 있습니다.
# 제9조(회원정보의 관리 및 보호)
## 1. 회원의 이메일과 비밀번호에 관한 관리책임은 회원에게 있으며, 이를 제3자가 이용하도록 하여서는 안 됩니다.
## 2. 당사는 회원의 이메일이 개인정보 유출 우려가 있거나, 반사회적 또는 공서양속에 어긋나거나, 당사 또는 서비스의 운영자로 오인할 우려가 있는 경우, 해당 이메일의 이용을 제한할 수 있습니다.
## 3. 회원은 이메일 및 비밀번호가 도용되거나 제3자가 사용하고 있음을 인지한 경우에는 이를 즉시 당사에 통지하고 안내에 따라야 합니다.
## 4. 제3항의 경우 해당 회원이 당사에 그 사실을 통지하지 않거나, 통지하였으나 당사의 안내에 따르지 않아 발생한 불이익에 대하여 당사는 책임지지 않습니다.
# 제10조(당사의 의무)
## 1. 당사는 계속적이고 안정적인 서비스의 제공을 위하여 설비에 장애가 생기거나 멸실된 때에는 이를 지체 없이 수리 또는 복구하며, 다음 각호의 사유 발생 시 부득이한 경우 예고 없이 서비스의 전부 또는 일부의 제공을 일시 중지할 수 있습니다. 이 경우 그 사유 및 중지 기간 등을 이용자에게 지체 없이 사후 공지합니다.
### 가. 시스템의 긴급 점검, 증설, 교체, 시설의 보수 또는 공사를 하기 위하여 필요한 경우
### 나. 새로운 서비스를 제공하기 위하여 시스템 교체가 필요하다고 판단되는 경우
### 다. 시스템 또는 기타 서비스 설비의 장애, 유무선 Network 장애 등으로 정상적인 서비스 제공이 불가능할 경우
### 라. 국가비상사태, 정전, 불가항력적 사유인 경우
## 2. 당사는 이용계약의 체결, 계약사항의 변경 및 해지 등 이용자와의 계약관련 절차 및 내용 등에 있어 이용자 에게 편의를 제공하도록 노력합니다.
## 3. 당사는 대표자의 성명, 상호, 주소, 전화번호, 모사전송번호(FAX), 통신판매업 신고번호, 이용약관, 개인정보 취급방침 등을 이용자가 쉽게 알 수 있도록 온라인 서비스 초기화면에 게시합니다.
# 제11조(개인정보보호)
## 1. 당사는 이용자들의 개인정보를 중요시하며, 정보통신망 이용촉진 및 정보보호 등에 관한 법률, 개인정보 보호법 등 관련 법규를 준수하기 위해 노력합니다. 당사는 개인정보보호정책을 통하여 이용자가 제공하는 개인정보가 어떠한 용도와 방식으로 이용되고 있으며 개인정보보호를 위해 어떠한 조치가 취해지고 있는지 알려드립니다.
## 2. 당사가 이용자의 개인정보 보호 및 사용에 대해서 관련 법규 및 당사의 개인정보 처리 방침을 적용합니다. 다만, 당사에서 운영하는 웹 사이트 등에서 링크된 외부 웹페이지에서는 당사의 개인정보 처리 방침이 적용되지 않습니다.
# 제12조(이용자의 의무)
## 1. 이용자는 이용자 가입을 통해 이용신청을 하는 경우 사실에 근거하여 신청서를 작성해야 합니다. 이용자가 허위, 또는 타인의 정보를 등록한 경우 당사에 대하여 일체의 권리를 주장할 수 없으며, 당사는 이로 인하여 발생한 손해에 대하여 책임을 부담하지 않습니다.
## 2. 이용자는 본 약관에서 규정하는 사항과 기타 당사가 정한 제반 규정, 당사가 공지하는 사항을 준수하여야 합니다. 또한 이용자는 당사의 업무를 방해하는 행위 및 당사의 명예를 훼손하는 행위를 하여서는 안 됩니다.
## 3. 이용자는 주소, 연락처, 전자우편 주소 등 회원 정보가 변경된 경우 즉시 온라인을 통해 이를 수정해야 합니다. 이때 변경된 정보를 수정하지 않거나 수정이 지연되어 발생하는 책임은 이용자가 지게 됩니다.
## 4. 이용자는 이용자에게 부여된 이메일과 비밀번호를 직접 관리해야 합니다. 이용자의 관리 소홀로 발생한 문제는 당사가 책임을 부담하지 않습니다.
## 5. 이용자가 이메일, 닉네임, 기타 서비스 내에서 사용되는 명칭 등을 선정할 때에는 다음 각호에 해당하는 행위를 해서는 안 됩니다.
### 가. 당사가 제공하는 서비스의 공식 운영자를 사칭하거나 이와 유사한 명칭을 사용하여 다른 이용자에게 혼란을 주는 행위
### 나. 선정적이고 음란한 내용이 포함된 명칭을 사용하는 행위
### 다. 제3자의 상표권, 저작권 등 권리를 침해할 가능성이 있는 명칭을 사용하는 행위
### 라. 제3자의 명예를 훼손하거나, 그 업무를 방해할 가능성이 있는 명칭을 사용하는 행위
### 마. 기타 반사회적이고 관계법령에 저촉되는 내용이 포함된 명칭을 사용하는 행위
## 6. 이용자는 당사의 명시적 동의가 없는 한 서비스 이용 권한, 기타 이용 계약상의 지위에 대하여 매도, 증여, 담보제공 등 처분행위를 할 수 없습니다.
## 7. 본 조와 관련하여 서비스 이용에 있어 주의 사항 등 그 밖의 자세한 내용은 운영 정책으로 정하며, 이용자가 서비스 이용약관 및 운영 정책을 위반하는 경우 서비스 이용 제한, 민형사상의 책임 등 불이익이 발생할 수 있습니다.
## 8. “당사”의 각종 이벤트(쿠폰 등) 서비스를 “당사” 서비스 정책에 맞지 않도록 사용하는 행위
## 9. “당사”가 내부 지침에 따라서 분쟁의 해결을 위한 중재를 제안하거나, 자율 분쟁 조정 센터를 운영하는 등의 고객불만사항을 처리하는 일체의 절차를 진행 중에 통상의 범위를 현저히 벗어나는 욕설, 비하 등의 언행 및 위력을 과시하는 등의 공포를 유발하는 행위
## 10. “당사”의 중개를 통하여 알게 된 가이드 상품 등의 일체의 여행상품을 가이드 및 제3자와 직거래하는 행위
## 11. 법령에 따라 거래가 제한되는 재화 및 용역을 구매하려는 행위
# 제13조(서비스의 제공)
## 1. 당사의 서비스는 연중무휴, 1일 24시간 제공을 원칙으로 합니다. 다만 당사 시스템의 유지 보수를 위한 점검, 통신장비의 교체 등 특별한 사유가 있는 경우 서비스의 전부 또는 일부에 대하여 일시적인 제공 중단이 발생할 수 있습니다.
## 2. 당사가 제공하는 개별 서비스에 대한 구체적인 안내사항은 개별 서비스 화면에서 확인할 수 있습니다.
## 3. 당사가 제공하는 서비스의 내용은 다음과 같습니다.
### 가. 게시판형 서비스
###나. 위치기반 서비스
###다. 채팅 서비스
###라. 기타 회사가 추가 개발하거나 다른 회사와의 제휴 계약 등을 통해 이용자에게 제공하는 일체의 서비스
###마. ""당사”가 직접 판매하는 재화 등에 대한 정보 제공, 및 재화 등의 판매계약 체결
###바. 가이드와의 여행계약 체결 중개를 포함한 재화 등의 판매계약의 통신판매중개서비스
###사. 기타 “당사""가 정하는 업무 등
중개 서비스의 경우 “당사”는 가이드 및 판매자와 이용자 간의 거래의 신뢰도 및 안정성을 증진시키는 도구(플랫폼)만을 제공하며, 가이드 및 판매자와 이용자 간에 성립된 거래에 관련된 책임은 거래의 당사들 스스로가 부담하여야 합니다. 당사는 재화 또는 용역의 품절 또는 기술적 사양의 변경 등의 경우에는 장차 체결되는 계약에 의해 제공할 재화 또는 용역의 내용을 변경할 수 있습니다. 이 경우에는 변경된 재화 또는 용역의 내용 및 제공일자를 명시하여 현재의 재화 또는 용역의 내용을 게시한 곳에 즉시 공지합니다. 당사가 제공하기로 이용자와 계약을 체결한 서비스의 내용을 재화 등의 품절 또는 기술적 사양의 변경 등의 사유로 변경할 경우에는 그 사유를 이용자에게 통지 가능한 주소로 즉시 통지합니다. ""당사”는 필요하다고 판단하는 경우 서비스의 일부를 제휴업체 등 제3자에 위탁할 수 있습니다.
# 제14조(서비스의 제한 등)
## 1. 당사는 전시, 사변, 천재지변 또는 이에 준하는 국가비상사태가 발생하거나 발생할 우려가 있는 경우와 전기통신사업법에 의한 기간통신사업자가 전기통신 서비스를 중지하는 등 부득이한 사유가 있는 경우에는 서비스의 전부 또는 일부를 제한하거나 중지할 수 있습니다.
## 2. 무료 서비스는 전항의 규정에도 불구하고, 당사의 운영 정책 등의 사유로 서비스의 전부 또는 일부가 제한되거나 중지될 수 있으며, 유료로 전환될 수 있습니다.
## 3. 당사는 서비스의 이용을 제한하거나 정지하는 때에는 그 사유 및 제한 기간, 예정 일시 등을 지체없이 이용자에게 알립니다.
## 4. 당사는 사전에 결제 정보를 입력받고, 무료로 제공 중인 서비스를 유료로 전환할 경우, 그 사유와 유료 전환 예정 일시를 통지하고 유료 전환에 대한 이용자의 동의를 받습니다.
# 제15조(서비스의 해제·해지 및 탈퇴 절차)
## 1. 회원은 ""당사""에 언제든지 탈퇴를 요청할 수 있으며 ""당사""는 즉시 회원 탈퇴를 처리합니다.
## 2. 회원이 다음 각 호의 사유에 해당하는 경우, ""당사""는 회원자격을 제한 또는 정지시킬 수 있습니다. 이로 인하여 “당사”가 손해를 입은 경우, 회원은 그러한 손해를 배상하여야 합니다.
### 가. 가입 신청 시에 허위 내용을 등록한 경우
### 나. 당사를 이용하여 구입한 재화 등의 대금, 기타 ""당사""이용에 관련하여 회원이 부담하는 채무를 기일에 지급하지 않는 경우
### 다. 다른 사람의 ""당사"" 이용을 방해하거나 그 정보를 도용하는 등 전자상거래질서를 위협하는 경우
### 라. 당사를 이용하여 법령 또는 이 약관이 금지하거나 공서양속에 반하는 행위를 하는 경우
### 마. 다음과 같은 행위 등으로 ""당사""의 건전한 운영을 해하거나 ""당사""의 업무를 방해하는 경우  ### 바. ""당사""의 운영에 관련하여 근거 없는 사실 또는 허위의 사실을 적시하거나 유포하여 ""당사""의 명예를 실추시키고 ""당사""의 신뢰성을 해하는 경우  ### 사. ""당사""의 운영과정에서 직원에게 폭언 또는 음란한 언행을 하여 업무환경을 심각히 해하는 경우  ### 아.""당사""의 운영과정에서 이유 없는 잦은 연락이나 소란 또는 협박, 인과관계가 입증되지 않는 피해에 대한 보상(적립금, 현금, 상품)요구 등으로 업무를 방해하는 경우  ### 자.""당사""를 통해 구입한 상품 또는 용역에 특별한 하자가 없는데도 불구하고 일부 사용 후 상습적인 취소, 전부 또는 일부 반품 등으로 회사의 업무를 방해하는 경우
### 차. 타인의 정보를 도용하는 경우 
### 카. 서비스의 이용권한, 기타 “당사” 와의 계약상 지위를 타인에게 양도, 임대하거나 담보로 제공하는 경우
### 타. 당사의 사전 서면 승낙 없이 서비스를 이용하여 영업활동을 하는 경우
### 파. 서비스에 위해를 가하거나, 변경하는 경우
### 하. 서비스를 통해 얻은 정보를 “당사”의 사전 승낙 없이 서비스 이용 외의 목적으로 복제하거나, 이를 출판 및 방송 등에 사용하거나, 제 3자에게 제공하는 경우
### 거. 모욕적이거나 명예 훼손적인 내용 또는 공서양속에 위반되는 저속, 음란한 내용의 정보를 유포하는 행위
### 너. 타인의 개인정보를 수집하는 행위
### 더. 다른 이용자를 희롱 또는 위협하거나, 특정 이용자에게 지속적으로 고통 또는 불편을 주는 행위
### 러. 이 약관의 제12조 이용자의 의무를 포함하여 기타 “당사”가 정한 제반 규정 또는 이용 조건 등을 위반하는 경우
## 3. 당사가 회원 자격을 제한 또는 정지시킨 후 동일한 행위가 2회 이상 반복되거나 30 일 이내에 그 사유가 시정되지 아니하는 경우 ""당사""는 회원자격을 상실시킬 수 있습니다.
## 4. 당사가 회원자격을 상실시키는 경우에는 회원등록을 말소합니다. 이 경우 회원에게 이를 통지하고 회원등록 말소 전에 최소한 30 일 이상의 기간을 정하여 소명할 기회를 부여합니다. ## 5. 당사는 이용자의 청약 철회, 해제 또는 해지의 의사표시를 수신한 후 그 사실을 이용자에게 회신합니다. 회신은 이용자가 당사에 대하여 통지한 방법 중 하나에 의하고, 이용자가 당사에 대하여 통지한 연락처가 존재하지 않는 경우에는 회신하지 않을 수 있습니다.
# 제16조(손해배상 및 면책)
당사는 “당사”의 고의·과실로 인하여 이용자나 제3자에게 발생한 손해에 관하여, 통상 손해를 그 한도로 하여 배상할 책임이 있으며, 특별한 사정으로 인한 손해는 ""당사""가 그 사정을 알았거나 알 수 있었다는 점에 관한 객관적 증빙이 되었을 경우에 그한도에 한하여 배상할 책임이 있습니다. 단 ""당사""가 계약체결 전(확정대기-준비중) 상태에서 즉시 계약 해지를 통보하며 계약관계를 해소한 건에 대해서는 배상할 책임이 없습니다.
## 1. 이용자가 이 약관의 규정을 위반함으로 인하여 “당사”에 손해가 발생하게 되는 경우 이 약관을 위반한 이용자는 ""당사""에 발생하는 손해에 관하여 통상손해를 그 한도로 하여 배상할 책임이 있으며, 특별한 사정으로 인한 손해는 ""이용자""가 그 사정을 알았거나 알 수 있었을 때에 한하여 배상할 책임이 있습니다.
## 2. 당사는 다음 각 호의 경우에는 면책됩니다.
### 가. “당사”는 천재지변, 전쟁 및 기타 이에 준하는 불가항력으로 인하여 서비스를 제공할 수 없는 경우에는 서비스 제공에 대한 책임이 면제됩니다.
### 나. “당사”는 기간통신 사업자가 전기통신 서비스를 중지하거나 정상적으로 제공하지 아니하여 손해가 발생한 경우 책임이 면제됩니다.
### 다. “당사”는 서비스용 설비의 보수, 교체, 정기점검, 공사 등 부득이한 사유로 발생한 손해에 대한 책임이 면제됩니다.
### 라. “당사”는 이용자의 귀책사유로 인한 서비스 이용의 장애 또는 손해에 대하여 책임을 지지 않습니다.
### 마. “당사”는 이용자의 컴퓨터 오류에 의해 손해가 발생한 경우, 또는 이용자가 개인정보 및 전자우편주소를 부실하게 기재하여 손해가 발생한 경우 책임을 지지 않습니다.
### 바. “당사”는 이용자가 서비스를 이용하여 기대하는 수익을 얻지 못하거나 상실한 것에 대하여 책임을 지지 않습니다.
### 사. “당사”는 이용자가 서비스를 이용하면서 얻은 자료로 인한 손해에 대하여 책임을 지지 않습니다. 또한 “당사”는 이용자가 서비스를 이용하며 타 이용자로 인해 입게 되는 정신적 피해에 대하여 보상할 책임을 지지 않습니다.
### 아. “당사”는 이용자가 당사에 게재한 각종 정보, 자료, 사실의 신뢰도, 정확성 등 내용에 대하여 책임을 지지 않습니다.
### 자. “당사”는 이용자 상호간 및 이용자와 제 3자 상호 간에 서비스를 매개로 발생한 분쟁에 대해 개입할 의무가 없으며, 이로 인한 손해를 배상할 책임도 없습니다. 다만 “당사”는 내부 지침에 따라서 분쟁의 해결을 위한 중재를 제안하거나, 자율 분쟁 조정센터를 운영할 수 있습니다.
# 제17조(정보의 제공 및 광고 게재)
## 1. 당사는 이용자가 서비스 이용 중 필요하다고 인정되는 각종 정보 및 광고를 배너 게재, 전자우편(E-Mail), 휴대폰 메세지, 전화, 우편 등의 방법으로 이용자에게 제공(또는 전송)할 수 있습니다. 다만, 이용자는 이를 원하지 않을 경우 당사가 제공하는 방법에 따라 수신을 거부할 수 있습니다.
## 2. 이용자가 수신 거부를 한 경우에도 이용약관, 개인정보보호정책, 기타 이용자의 이익에 영향을 미칠 수 있는 중요한 사항의 변경 등 '정보통신망 이용 촉진 및 정보보호 등에 관한 법률'에서 정하는 사유 등 이용자가 반드시 알고 있어야 하는 사항에 대하여는 전자우편 등의 방법으로 정보를 제공할 수 있습니다.
## 3. 제1항 단서에 따라 이용자가 수신 거부 조치를 취한 경우 이로 인하여 당사가 거래 관련 정보, 이용 문의에 대한 답변 등의 정보를 전달하지 못한 경우 당사는 이로 인한 책임이 없습니다.
## 4. 당사는 '정보통신망법' 시행령에 따라 2년마다 영리 목적의 광고정 정보 전송에 대한 수신동의 여부를 확인합니다.
## 5. 당사는 광고주의 판촉 활동에 이용자가 참여하거나, 거래의 결과로써 발생하는 손실 또는 손해에 대하여는 책임을 지지 않습니다.
# 제18조(권리의 귀속)
## 1. 당사가 제공하는 서비스에 대한 저작권 등 지식재산권은 당사에 귀속 됩니다.
## 2. 당사는 서비스와 관련하여 이용자에게 당사가 정한 조건 따라 당사가 제공하는 서비스를 이용할 수 있는 권한만을 부여하며, 이용자는 이를 양도, 판매, 담보제공 하는 등 처분행위를 할 수 없습니다.
## 3. 제1항의 규정에도 불구하고 이용자가 직접 작성한 콘텐츠 및 당사의 제휴 계약에 따라 제공된 저작물에 대한 지식재산권은 당사에 귀속되지 않습니다.
# 제19조(게시물의 관리)
## 1. 회원이 작성 또는 창작한 게시물이 '개인정보보호법' 및 '저작권법 등 관련 법에 위반되는 내용을 포함하는 경우, 관리자는 관련 법이 정한 절차에 따라 해당 게시물의 게시 중단 및 삭제 등을 요청할 수 있으며, 당사는 관련 법에 따라 조치를 취하여야 합니다.
## 2. 당사는 전항에 따른 권리자의 요청이 없는 경우라도 권리침해가 인정될 만한 사유가 있거나 기타 당사 정책 및 관련 법에 위반되는 경우에는 관련 법에 따라 해당 게시물에 대해 임시 조치 등을 취할 수 있습니다.
# 제20조(게시물의 저작권)
## 1. 이용자가 서비스 내에 게시한 게시물의 저작권은 해당 게시물의 저작자에게 귀속됩니다.
## 2. 제1항에 불구하고 당사는 서비스의 운영, 전시, 전송, 배포, 홍보 등의 목적으로 별도의 허락 없이 무상으로 저작권법 및 공정한 거래 관행에 합치되는 범위 내에서 다음 각호와 같이 회원이 등록한 게시물을 사용할 수 있습니다.
### 가. 서비스 내에서 이용자가 작성한 게시물의 복제, 수정, 전시, 전송, 배포 등 저작권을 침해하지 않는 범 위 내의 2차적저작물 또는 편집 저작물 작성을 위한 사용. 회원이 이용계약 해지를 한 경우 타인에 의해 보관, 담기 등으로 재게시 되거나 복제된 게시물과 타인의 게시물과 결합되어 제공되는 게시물, 공용 게시판에 등록된 게시물 등은 삭제되지 않습니다.
### 나. 서비스의 운영, 홍보, 서비스 개선 및 새로운 서비스 개발을 위한 범위 내의 사용.
###  다. 미디어, 통신사 등을 통한 홍보목적으로 이용자의 게시물을 제공, 전시하도록 하는 등의 사용.
# 제 21조 (대금지급방법)
당사에서 구매한 재화 또는 용역에 대한 대금지급 또는 “당사”가 중개한 여행계약에 관한 대금지급은 다음 각 호의 방법 중 “당사”가 지정하는 방식으로 이루어집니다.
## 1. 온라인 무통장 입금, 가상계좌 입금, 실시간 계좌이체
## 2. 선불카드, 직불카드, 국내 및 해외 신용카드 등의 각종 카드 결제
## 3. 페이팔(Paypal), 네이버페이, 페이코 등의 전자결제수단을 통한 결제
## 4. 기타 “당사”가 인정하는 결제수단
# 제 22 조 (쿠폰 및 포인트의 발행 및 사용)
## 1. 당사는 “당사”가 직접 판매하는 재화 또는 용역, “당사”가 중개하는 “가이드”의 여행 관련 용역 등을 구매 또는 이용하는 데 사용되는 상품권 기타 증표(이하 “쿠폰”이라 합니다)를 발행하여, 이를 이용자에게 판매 또는 제공할 수 있습니다.
## 2. “쿠폰"" 및 ""포인트""는 다음 각 호의 유형에 따라 구분되어 발행 및 관리됩니다.
### 가. 쿠폰은 프로모션, 이벤트 등의 목적에서 무료로 제공되며 표시된 범위 내에서 제한적으로 사용할 수 있습니다.
### 나. 이용자는 ""당사""로부터 구매 또는 제공받은 ""쿠폰""을 타인에게 유상 또는 무상으로 양도할 수 없으며, 부적법한 방법(해킹, 데이터의 위조 또는 변조, 타인을 위하여 발급된 코드의 사용, 발행자 이외의 제3자와의 거래 등)으로 “쿠폰""을 취득 또는사용할 수 없습니다. 이용자가 본 항을 위반하여 ""쿠폰""을 취득 또는 사용하는 경우, ""당사""는 해당 이용자가 요구하는 재화 또는 용역의 제공을 거부할 수 있으며 이와 관련하여 ""당사""가 입은 손해의 배상을 청구할 수 있습니다.
### 다. 이벤트 쿠폰의 지급 대상, 기준, 사용방식 및 기한 등 구체적인 사항에 대해서는 ""당사""가 이용자에게 안내, 고지하는 바에 따릅니다.
### 라. 이 약관에 따른 이용계약이 해지 등으로 인하여 종료하는 경우, 해당 이용자가 보유하고 있던 “쿠폰”의 환불에 관한 사항은 온라인상품권 약관 제7조에 따르며, “쿠폰”은 이용계약 종료와 함께 소멸합니다.
## 3. 당사는 이용자의 구매활동, 이벤트 참여, 배송지연보상 등에 따라 이용자에게 일정한 포인트를 부여할 수 있습니다.
## 4.이용자는 포인트를 당사의 상품 등의 구매 시 결제 수단으로 사용할 수 있으며, 당사는 포인트의 적립기준, 사용방법, 사용기한 및 제한에 대한 사항을 ""당사"" 홈페이지, 앱 화면에 별도로 게시하거나 통지합니다. 포인트의 사용조건에 관한 사항은 당사의 정책에 따라 달라질 수 있습니다.
## 5. 포인트의 유효기간은 원칙적으로 개별 안내문에 기재된 기간이며, 유효기간 동안 사용하지 않을 경우 만료일 자정에 자동 소멸됩니다. 다만, 마케팅 기타 프로모션 등을 통하여 지급되거나 사전특약(사전 안내 포함)이 있는 포인트의 유효기간은 각각 별도로설정될 수 있습니다.
## 6. 포인트는 현금으로 환급될 수 있습니다.
## 7. 이용자는 포인트를 제3자에게 또는 다른 아이디로 양도할 수 없으며 유상으로 거래될 수 없습니다.
## 8. 당사는 이용자가 당사가 승인하지 않은 방법 또는 허위 정보 제공 등의 부정한 방법으로 포인트를 획득하거나 부정한 목적이나 용도로 포인트를 사용하는 경우 포인트의 사용을 제한하거나 포인트를 사용한 구매신청을 취소하거나 ""회원"" 자격을 정지할 수 있습니다.
## 9. 회원 탈퇴 시 전환/적립된 포인트 중 미사용한 포인트는 즉시 소멸되며, 탈퇴 후 재가입하더라도 소멸된 포인트는 복구되지 아니합니다.
# 제 23 조 (재화 등의 공급)
## 1. 당사는 이용자와 재화 등의 공급시기에 관하여 별도의 약정이 없는 이상, 이용자가 청약을 한 날부터 7 일 이내에 재화 등을 배송할 수 있도록 주문제작, 포장 등 기타의 필요한 조치를 취합니다. 다만, ""당사""가 이미 재화 등의 대금의 전부 또는 일부를 받은 경우에는 대금의 전부 또는 일부를 받은 날부터 3 영업일 이내에 조치를 취합니다. 이때 ""당사""는 이용자가 재화 등의 공급 절차 및 진행사항을 확인할 수 있도록 적절한 조치를 합니다. 특히 “당사”는 여행계약 등의 중개 서비스는 해당 서비스에 적용되는 별도의 약관이 있는경우에 이를 교부하고 해당 서비스가 차질 없이 진행되도록 일련의 조치를 하여야 합니다.
## 2. 당사는 이용자가 구매한 재화에 대해 배송수단, 수단별 배송비용 부담자, 수단별 배송기간 등을 명시합니다. ""당사""가 여행계약 등의 중개 서비스를 제공하는 경우 이용자가 예약한 상품에 대한 별도의 여행자 계약서 등을 교부하고, 이용자가 해당 서비스의 구매와 이용에 대한 내용 (배송수단, 발송기간 등)을 공급자를 통해 알 수 있도록 공급자의 홈페이지 등을 링크하는 방식으로 관련 정보를 제공합니다.
## 3. 공휴일 및 기타 휴무일 또는 천재지변 등의 불가항력적 사유가 발생하는 경우 그 해당기한은 배송소요기간에서 제외합니다.
# 제 24 조(환급, 반품 및 교환)
## 1. 당사는 이용자가 구매신청 한 재화 등이 품절 등의 사유로 인도 또는 제공을 할 수 없을 때에는 지체 없이 그 사유를 이용자에게 통지하고 사전에 재화 등의 대금을 받은 경우에는 대금을 받은 날부터 3 영업일 이내에 환급하거나 환급에 필요한 조치를취합니다. 다만, 여행 계약 등의 중개 서비스를 제공한 경우에는 별도의 약관에 따릅니다.
## 2. 재화 등의 반품 또는 교환에 필요한 왕복배송비용 기타 필요한 비용은 귀책사유 있는 측에서 부담하며, 배송상의 문제로 이용자가 입은 손해에 대한 배상책임은 귀책사유 있는 배송업체를 지정한 “당사”에게 있습니다.
## 3. 해외업체에서 운영하는 중개판매에 해당되는 상품의 경우에는 현지업체의 정책에 따라 반품, 교환, 환급이 제한될 수 있으며, 이에 관하여 당사는 별도의 고지를 합니다. 해외에서 국내로 배송되는 재화와, 중개 상품의 경우에는 현지업체의 정책에 따라 반품, 교환, 환급이 제한될 수 있으며, 이에 관하여 당사는 별도의 고지를 합니다.
# 제 25 조(청약철회 등)
## 1. 당사와 재화 등의 구매에 관한 계약을 체결한 이용자는 수신확인의 통지를 받은 날부터 7 일 이내에는 청약의 철회를 할 수 있습니다. 다만, 여행계약 등의 중개 서비스의 경우 별도의 약관에 따릅니다.
## 2. 이용자는 재화 등을 배송 받은 경우 다음 각 호의 경우에는 청약철회 및 교환을 할 수 없습니다.
### 가. 이용자에게 책임 있는 사유로 재화 등이 멸실 또는 훼손된 경우 (다만, 재화 등의 내용을 확인하기 위하여 포장 등을 훼손한 경우에는 사전에 청약철회 제한에 관해 고지하지 않은 한 청약철회 등을 할 수 있습니다.)
### 나. 이용자의 사용 또는 일부 소비에 의하여 재화 등의 가치가 현저히 감소한 경우
### 다. 시간의 경과에 의하여 재판매가 곤란할 정도로 재화 등의 가치가 현저히 감소한 경우
### 라. 같은 성능을 지닌 재화 등으로 복제가 가능한 경우 그 원본인 재화 등의 포장을 훼손한 경우
### 마. 용역 또는 「문화산업진흥 기본법」 제2조 제5호의 디지털 콘텐츠의 제공이 개시된 경우. (다만, 가분적 용역 또는 가분적 디지털 콘텐츠로 구성된 계약의 경우에는 제공이 개시되지 아니한 부분에 대하여는 사전에 청약철회 제한에 관해 고지하지 않은 한 청약철회 등을 할 수 있습니다.)
## 3. 제 2 항 제 2 호 내지 제 5 호의 경우에 ""당사""가 사전에 청약철회 등이 제한되는 사실을 소비자가 쉽게 알 수 있는 곳에 명기하거나 시용상품을 제공하는 등의 조치를 하지 않았다면 이용자의 청약철회 등이 제한되지 않습니다.
## 4. 이용자는 제 1 항 및 제 2 항의 규정에 불구하고 재화 등의 내용이 광고 내용과 다르거나 계약내용과 다르게 이행된 때에는 당해 재화 등을 공급받은 날부터 3 월 이내, 그 사실을 안 날 또는 알 수 있었던 날부터 30 일 이내에 청약철회 등을 할 수 있습니다.
# 제 26 조(티켓에 대한 청약철회 )
## 1. 당사가 이용자에게 판매한 재화가 여행과 관련한 입장권, 관람권, 교통권 기타 티켓(이하 “티켓”이라고 합니다)인 경우, 제24조 규정에도 불구하고 티켓에 대한 청약철회 기타 교환·환불에 관한 사항은 별도로 공지한 내용에 따릅니다.
## 2. 제1항의 공지에 구체적인 내용이 포함되어 있지 않은 경우, 해당 티켓의 청약철회 기타 교환·환불에 관하여 제25조의 규정이 적용됩니다.
## 3. “당사”는 부득이한 사유로 제1항의 공지를 통하여 해당 티켓의 청약철회 기타 교환·환불에 대하여 제25조보다 불리한 내용을 규정하는 경우, 이러한 내용을 굵은 글씨 등을 통하여 이용자들이 인식하기 쉽게 표시하여야 합니다.
# 제 27 조(청약철회 등의 효과)
## 1. 당사는 이용자로부터 재화 등을 반환 받은 경우 3 영업일 이내에 이미 지급받은 재화 등의 대금을 환급합니다. 이 경우 ""당사""가 이용자에게 재화 등의 환급을 지연한 때에는 그 지연기간에 대하여 전자상거래 등에서의 소비자보호에 관한 법률 시행령이정하는 지연이자율을 곱하여 산정한 지연이자를 지급합니다. 다만, “여행계약 등의 중개 서비스의 경우 별도의 약관에 따릅니다.
## 2. 당사는 위 대금을 환급함에 있어서 이용자가 신용카드 또는 전자화폐 등의 결제수단으로 재화 등의 대금을 지급한 때에는 지체 없이 당해 결제수단을 제공한 사업자로 하여금 재화 등의 대금의 청구를 정지 또는 취소하도록 요청합니다.
## 3. 청약철회 등의 경우 공급받은 재화 등의 반환에 필요한 비용은 이용자가 부담합니다.
## 4. 이용자가 재화 등을 제공받을 때 발송비를 부담한 경우에 ""당사""는 청약철회 시 그 비용을 누가 부담하는지를 이용자가 알기 쉽도록 명확하게 표시합니다.
# 제 28 조(연결 ""회사""와 피연결 ""회사"" 간의 관계)
## 1. 상위 ""회사""와 하위 ""회사""가 하이퍼 링크 (예: 하이퍼 링크의 대상에는 문자, 그림 및 동영상 등이 포함됩니다 )방식 등으로 연결된 경우, 전자를 연결 ""회사""(웹사이트)이라고 하고 후자를 피연결 ""회사""(웹사이트)라고 합니다.
## 2. 연결 ""회사""는 피연결 ""회사""가 독자적으로 제공하는 재화 등에 의하여 이용자와 행하는 거래에 대해서 보증책임을 진다는 뜻을 피연결 ""회사""의 초기화면 또는 연결되는 시점의 팝업화면으로 명시한 경우에만 그 거래에 대한 보증책임을 집니다.
# 제 29 조(분쟁해결)
## 1. 당사는 이용자가 제기하는 정당한 의견이나 불만을 반영하고 그 피해를 보상처리하기 위하여 관련 법령과 “당사”의 내부 정책에 따라 피해보상처리기구를 설치 또는 운영합니다.
## 2. 당사는 이용자로부터 제출되는 불만사항 및 의견은 우선적으로 그 사항을 처리하기 위해 노력하며, 중개상품의 경우 가이드 및 제3자와 이용자와의 원활한 협의를 위하여 내부 정책에 따라 중재할 수 있습니다. 다만, 신속한 처리가 곤란한 경우에는 이용자에게그 사유와 처리일정을 즉시 통보합니다.
## 3. 당사와 이용자간에 발생한 전자상거래 분쟁과 관련하여 이용자의 피해구제신청이 있는 경우에는 공정거래위원회 또는 시/도지사가 의뢰하는 분쟁조정기관의 조정신청을 안내할 수 있습니다.
# 제 30 조(재판권 및 준거법)
## 1. 당사와 이용자간에 발생한 분쟁에 관한 소송은 소송의 관할은 당사자 간의 합의에 따르며, 사전 합의된 바가 없는 경우에는 민사소송법의 관할 규정에 따릅니다.
## 2. 당사와 이용자간에 제기된 소송에는 대한민국법을 적용합니다.
# 제 31 조(특별규정)
이 약관에 명시되지 않은 사항은 전자거래기본법, 전자서명법, 전자상거래 등에서의 소비자보호에 관한 법률 등 기타 관련법령의 규정에 의합니다.
# 제 32조(회사의 기본 정보)
회사의 기본 정보는 다읨의 각 호와 같습니다.
## 1. 상호: (주) 오투유엑스
## 2. 주소: 서울특별시 강남구 도산대로 26길 36 동인빌딩 2층
## 3. 대표자: 대표 안수진
## 4. 사업자등록번호: 787-87-00826
## 5. 연락처: ahnleesa@o2ux.com
# 부칙
제1조(시행일)
본 약관은 2025.03.01.부터 시행됩니다.",app_service_terms,false,false,1,0.1,2025-03-01
위치기반 서비스 이용약관,"# 제1조(목적)
본 약관은 회원((주) 오투유엑스의 서비스 약관에 동의한 자를 말하며 이하 '회원'이라고 합니다.)이 (주) 오투유엑스(이하 '회사'라고 합니다)가 제공하는 웹페이지 및 '모두의 여행 MOYO’(회사가 개발 운영하는 모바일 애플리케이션을 말합니다. 이하 '모바일앱'이라고 합니다.)의 서비스를 이용함에 있어 회원과 회사의 개인위치 정보주체의 권리 및 의무, 기타 제반 사항을 정하는 것을 목적으로 합니다.
#제2조(가입자격)
서비스에 가입할 수 있는 회원은 위치기반서비스를 이용할 수 있는 이동전화 단말기의 소유자 본인이어야 합니다.
# 제3조(서비스 가입)
회사는 다음 각호에 해당하는 가입신청을 승낙하지 않을 수 있습니다.
## 1. 실명이 아니거나 타인의 명의를 사용하는 등 허위로 신청하는 경우
## 2. 고객 등록 사항을 누락하거나 오기하여 신청하는 경우
## 3. 공공질서 또는 미풍양속을 저해하거나 저해할 목적을 가지고 신청하는 경우
## 4. 기타 회사가 정한 이용신청 요건이 충족되지 않았을 경우
# 제4조(서비스 해지)
회원은 회사가 정한 절차를 통해 서비스 해지를 신청할 수 있습니다.
# 제5조(이용약관의 효력 및 변경)
## 1. 본 약관은 서비스를 신청한 고객 또는 개인위치정보주체가 회사가 정한 소정의 절차에 따라 회원으로 등록함으로써 효력이 발생합니다.
## 2. 서비스를 신청한 고객 또는 개인위치정보주체가 온라인에서 본 약관을 모두 읽고 ""동의하기"" 버튼을 클릭 하였을 경우 본 약관의 내용을 모두 읽고 이를 충분히 이해하였으며, 그 적용에 동의한 것으로 봅니다.
## 3.본 약관에 대하여 동의하지 않은 경우, 회사가 개인위치정보를 기반으로 제공하는 각종 혜택 및 편의 제공에 일부 제한이 발생할 수 있습니다.
## 4. 회사는 필요한 경우 '위치 정보의 보호 및 이용 등에 관한 법률, '콘텐츠산업 진흥법', '전자상거래 등에서의 소비자보호에 관한 법률', '소비자기본법', '약관의 규제에 관한 법률 등 관계 법령(이하 '관계 법령'이라
합니다.)의 범위 내에서 본 약관을 개정할 수 있습니다.
## 5. 회사가 약관을 개정할 경우 기존약관과 개정 약관 및 개정 약관의 적용 일자와 개정 사유를 명시하여 현행약관과 함께 그 적용 일자 10일 전부터 적용일 이후 상당한 기간 동안 회사의 웹페이지 및 모바일앱을 통해 공지합니다. 다만, 개정 약관의 내용이 회원에게 새로운 의무를 부과하거나 권리를 제한하는 내용인 경우 그 적용 일자 30일 전부터 상당한 기간 동안 이를 회사의 웹페이지 및 모바일앱을 통해 공지하고, 회원에게 전자적 형태로 약관의 개정 사실을 발송하여 고지합니다.
# 제6조 (약관 외 준칙)
본 약관은 신의성실의 원칙에 따라 공정하게 적용하며, 본 약관에 명시되지 아니한 사항에 대하여는 관계 법령 및 건전한 거래관행에 따릅니다.
# 제7조(서비스의 내용)
회사가 제공하는 서비스는 아래와 같습니다.
## 1. 위치기반 컨텐츠 분류를 위한 지오태깅 (GeoTagging)
## 2. 회사 및 제휴사의 상품 및 서비스 정보 제공
## 3. 회사 및 제휴사의 마케팅 서비스 제공
## 4. 회사 및 제휴사의 프로모션 혜택 알림 제공
## 5. 길 안내 등 생활편의 서비스 제공
# 제8조(서비스 이용요금)
## 1. 회사의 서비스는 무료 제공을 원칙으로 합니다. 다만, 회원이 별도로 유료 서비스를 이용하고자 할 경우 해당 서비스 화면에 명시된 요금을 지불하여야 사용할 수 있습니다.
## 2. 회사는 유료 서비스 이용 요금을 회사와 계약한 전자지불 업체에서 정한 방법에 의하거나 회사가 정한 청구서에 합산하여 청구할 수 있습니다.
## 3. 유료 서비스 이용을 위하여 결제된 대금에 대한 취소 및 환불은 관계 법령과 회사의 운영 정책에 따릅니다.
## 4. 무선 서비스 이용 시 발생하는 데이터 통신료는 별도이며, 이때 부과되는 데이터 통신료는 회원이 가입한 각 이동통신사의 정책에 따릅니다.
## 5. 멀티미디어 메시지 서비스(MMS) 등으로 게시물을 등록할 경우 발생하는 요금은 각 이동통신사의 요금 정책에 따라 회원이 부담합니다.
# 제9조(서비스내용 변경 통지 등)
## 1. 회사가 서비스 내용을 변경하거나 종료하는 경우 회사는 회원이 등록한 전자우편 주소로 이메일을 발송하여 서비스 내용의 변경 사항 또는 종료를 사전 일주일 전에 통지합니다.
## 2. 전항의 경우 불특정 다수의 회원을 상대로 통지하는 때에는 회사의 웹페이지 등을 통해 공지함으로써 회원들에게 통지할 수 있습니다.
# 제10조(서비스이용의 제한 및 중지)
## 1. 회사는 아래 각호에 해당하는 사유가 발생한 경우에는 회원의 서비스 이용을 제한하거나 중지시킬 수 있습니다.
### 가. 회원이 회사의 서비스 운영을 고의 또는 과실로 방해하는 경우
### 나. 서비스용 설비 점검, 보수 또는 공사로 인하여 부득이한 경우
### 다. 전기통신사업법에 규정된 기간통신사업자가 서비스를 중지했을 경우
### 라. 국가비상사태, 서비스 설비의 장애 또는 서비스 이용의 폭주 등으로 서비스 이용에 지장이 있는 때
### 마. 기타 중대한 사유로 회사가 서비스 제공을 지속하는 것이 곤란한 경우
## 2. 회사가 전항에 따라 서비스의 이용을 제한하거나 중지한 때에는 해당 사실을 인터넷 등에 공지하거나 고객에게 통지합니다. 다만 회사가 통제할 수 없는 사유로 인하여 서비스를 중단하게 되는 경우 이를 사후에 통지할 수 있습니다.
# 제11조(개인위치정보의 이용 또는 제공)
## 1. 회사가 개인위치정보를 이용하여 서비스를 제공하고자 하는 경우에는 본 약관에 대한 개인위치정보주체의 동의를 얻어야 합니다.
## 2. 회사는 회원이 제공한 개인위치정보를 해당 회원의 동의 없이 서비스 제공 이외의 목적으로 이용하지 않습니다. 다만, 고객이 미리 요청한 경우 해당 내용을 고객이 지정한 통신단말장치(휴대전화 등)나 이메일 주소로 통보할 수 있습니다.
## 3.회사는 타 사업자 또는 이용 고객과의 요금 정산 및 민원 처리 등을 위해 회원의 위치정보 이용·제공 사실 확인 자료를 자동 기록·보존하며, 해당 자료는 1년간 보관합니다.
## 4. 회사가 개인위치정보를 회원이 지정하는 제3자에게 제공하는 경우, 위치정보를 수집한 당해 통신 단말장치로 매회 회원에게 제공받는 자, 제공일시, 제공 목적을 즉시 통보합니다. 다만 다음 각호의 경우에는 회원 이 미리 지정한 통신단말장치 또는 전자우편주소로 통보합니다.
### 가. 개인위치정보를 수집한 통신단말장치가 문자, 음성 또는 영상 수신기능을 갖추지 아니한 경우
### 나. 회원이 다른 방법을 요청한 경우
# 제12조 (개인위치정보의 보유기간 및 이용기간)
## 1. 회사가 회원의 개인위치정보를 이용하였다면 회사는 위치정보의 보호 및 이용 등에 관한 법률 제16조 제2항의 규정에 따라 기록·보존해야 하는 위치정보 이용 제공 사실 확인 자료 이외의 해당 개인위치정보를 같은 법 제23조에 따라 고객이 동의한 목적범위 내에서 이용하고 고객 응대를 위하여 1년간 보유하며, 이 기간이 지나면 즉시 파기합니다.
## 2. 전항에도 불구하고 관계법령 등에서 개인위치정보를 보존할 의무 및 필요성이 있는 경우에는 그에 따라 보존합니다.
# 제13조(개인위치정보 주체의 권리)
## 1. 회원은 회사에 대하여 언제든지 개인위치정보를 이용한 위치기반서비스 제공 및 개인위치정보의 제3자 제공에 대한 동의의 전부 또는 일부를 철회할 수 있습니다. 이 경우 회사는 수집한 개인위치정보 및 위치정보 이용, 제공사실 확인자료를 파기합니다.
## 2. 회원은 회사에 대하여 언제든지 개인위치정보의 수집, 이용 또는 제공의 일시적인 중지를 요구할 수 있습니다.
## 3. 회원은 회사에 대하여 아래 각 호의 자료에 대한 열람 또는 고지를 요구할 수 있고, 당해 자료에 오류가 있는 경우에는 그 정정을 요구할 수 있습니다. 이 경우 회사는 정당한 사유 없이 회원의 요구를 거절할 수 없습니다.
### 가. 본인에 대한 위치정보 이용, 제공사실 확인자료
### 나. 본인의 위치정보가 제3자에게 제공된 이유 및 내용
## 4. 회원은 회사가 정한 절차에 따라 제1항 내지 제3항의 권리를 행사할 수 있습니다.
# 제14조(위치정보관리책임자의 지정)
## 1. 회사는 위치정보를 적절히 관리, 보호하고 개인위치정보주체의 불만을 원활히 처리할 수 있도록 실질적인 책임을 질 수 있는 지위에 있는 자를 위치정보의 관리 책임자로 지정하고 운영합니다.
## 2. 회사의 위치 정보관리책임자는 위치기반서비스의 제공에 관한 제반 사항을 담당·관리하는 부서의 대표로서, 구체적인 사항은 본 약관의 부칙에 따릅니다.
# 제15조(손해배상)
## 1. 회사가 위치정보의 보호 및 이용 등에 관한 법률 제15조 내지 제26조의 규정을 위반한 행위를 하여 회원에게 손해가 발생한 경우 회원은 회사에 대하여 손해배상 청구를 할 수 있습니다.
## 2. 회원이 고의 또는 과실로 본 약관의 규정을 위반하여 회사에 손해가 발생한 경우 회원은 회사에 발생한 모든 손해를 배상해야 합니다.
# 제16조 (면책)
## 1. 회사는 다음 각호의 사유로 서비스를 제공할 수 없는 경우 이로 인하여 회원에게 발생한 손해에 대한 책임을 부담하지 않습니다.
### 가. 천재지변 또는 이에 준하는 불가항력의 상태가 있는 경우
### 나. 제3자의 고의적인 서비스 방해가 있는 경우
### 다. 회원의 귀책사유로 서비스 이용에 장애가 있는 경우
### 라. 기타 회사의 고의 또는 과실이 없는 사유에 해당하는 경우
## 2. 회사는 서비스 및 서비스에 게재된 정보, 자료, 사실의 신뢰도 및 정확성 등에 대한 보증을 하지 않으며 이로 인하여 회원에게 발생한 손해에 대하여 책임을 부담하지 않습니다.
## 3. 회사는 회원이 서비스를 이용하며 기대하는 수익을 상실한 것에 대한 책임과, 그 밖의 서비스를 통하여 얻은 자료로 인하여 회원에게 발생한 손해에 대한 책임을 부담하지 않습니다.
# 제17조(분쟁의 조정)
## 1. 회사는 위치정보와 관련된 분쟁에 대해 당사자 간 협의가 이루어지지 아니하거나 협의를 할 수 없는 경우에는 '위치정보의 보호 및 이용 등에 관한 법률' 제28조의 규정에 따라 방송통신위원회에 재정을 신청할 수 있습니다.
## 2. 회사 또는 고객은 위치정보와 관련된 분쟁에 대해 당사자 간 협의가 이루어지지 아니하거나 협의를 할 수 없는 경우에는 '개인정보보호법' 제43조의 규정에 따라 개인정보 분쟁조정위원회에 조정을 신청할 수 있습니다.
# 제18조(회사의 연락처)
회사의 상호 및 주소 등은 다음과 같습니다.
## 1. 법인명 : (주)오투유엑스
## 2. 대표이사 : 안수진
## 3. 소재지 : 서울 강남구 도산대로26길 36 (논현동) 동인빌딩 2층 오투유엑스
## 4. 연락처 : 02.529.8665
# 부칙
# 제1조(시행일)
본 약관은 2025.02.01.부터 시행합니다.
# 제2조(위치정보관리책임자)
위치정보관리책임자는 2025.02.01.를 기준으로 다음과 같이 지정합니다.
## 1. 소속 : (주)오투유엑스
## 2. 성명 : 안수진
## 3. 직위 : 대표
## 4. 전화 : 02.529.866 ",app_lbs_consense,false,true,1,0.1,2025-03-01
마케팅 정보 활용 동,"MOYO 가 제공하는 이용자 맞춤형 서비스 및 사품 추천, 각종 경품 행사, 이벤트 등의 광고성 정보를 전자우편이나 서신우편, 문자(SMS 또는 카카오 알림톡), 푸시, 전화 등을 통해 이용자에게 제공합니다.

마케팅 수신 동의는 선택하지 않으실 수 있으며 동의 후라도 고객의 의사에 따라 처리할 수 있습니다. 

관련 법규에 의거 선택정보 사항에 대해서는 동의 거부 또는 철회하더라도 서비스 이용에 제한되지 않습니다. 단 할인, 이벤트 및 이용자 맞춤형 상품 추천 등의 마케팅 정보 안내 서비스가 제한됩니다.

## 1. 이용항목 :  전화번호, 이메일, 주소(자택, 직장)
## 2. 이용목적 : 인구통계학적 특성에 따른 서비스제공, 광고 게재, 이벤트, 신상 등 광고성 정보 전달 및 참여기회 제공, 접속 빈도 파악, 신규 및 제휴 비즈니스 관려 서비스 제공 및 각종 마케팅 활동
## 3. 이용기간 : 탈퇴 시까지
",app_benefit_event_noti,false,true,1,0.1,2025-03-01
탈퇴약관,"1.  회원탈퇴 시 개인정보 및 MOYO에서 만들어진 모든 데이터는 삭제되며, 삭제된 데이터는 복구 할 수 없어요
> (이름, 프로필 사진, 포스트, 댓글, 채팅 내용, 동행 참여 및 진행 내역, 좋아요, 저장 내역 등)
2. 부정 이용 방지를 위해 `탈퇴 후 7일 동안` MOYO에 다시 가입 할 수 없어요
3. 참여 또는 진행하고 있는 동행이 있다면 탈퇴 할 수 없어요
",user_withdrawal,false,true,1,0.1,2025-01-01
### 마. 기타 중대한 사유로 회사가 서비스 제공을 지속하는 것이 곤란한 경우
## 2. 회사가 전항에 따라 서비스의 이용을 제한하거나 중지한 때에는 해당 사실을 인터넷 등에 공지하거나 고객에게 통지합니다. 다만 회사가 통제할 수 없는 사유로 인하여 서비스를 중단하게 되는 경우 이를 사후에 통지할 수 있습니다.
# 제11조(개인위치정보의 이용 또는 제공)
## 1. 회사가 개인위치정보를 이용하여 서비스를 제공하고자 하는 경우에는 본 약관에 대한 개인위치정보주체의 동의를 얻어야 합니다.
## 2. 회사는 회원이 제공한 개인위치정보를 해당 회원의 동의 없이 서비스 제공 이외의 목적으로 이용하지 않습니다. 다만, 고객이 미리 요청한 경우 해당 내용을 고객이 지정한 통신단말장치(휴대전화 등)나 이메일 주소로 통보할 수 있습니다.
## 3.회사는 타 사업자 또는 이용 고객과의 요금 정산 및 민원 처리 등을 위해 회원의 위치정보 이용·제공 사실 확인 자료를 자동 기록·보존하며, 해당 자료는 1년간 보관합니다.
## 4. 회사가 개인위치정보를 회원이 지정하는 제3자에게 제공하는 경우, 위치정보를 수집한 당해 통신 단말장치로 매회 회원에게 제공받는 자, 제공일시, 제공 목적을 즉시 통보합니다. 다만 다음 각호의 경우에는 회원 이 미리 지정한 통신단말장치 또는 전자우편주소로 통보합니다.
### 가. 개인위치정보를 수집한 통신단말장치가 문자, 음성 또는 영상 수신기능을 갖추지 아니한 경우
### 나. 회원이 다른 방법을 요청한 경우
# 제12조 (개인위치정보의 보유기간 및 이용기간)
## 1. 회사가 회원의 개인위치정보를 이용하였다면 회사는 위치정보의 보호 및 이용 등에 관한 법률 제16조 제2항의 규정에 따라 기록·보존해야 하는 위치정보 이용 제공 사실 확인 자료 이외의 해당 개인위치정보를 같은 법 제23조에 따라 고객이 동의한 목적범위 내에서 이용하고 고객 응대를 위하여 1년간 보유하며, 이 기간이 지나면 즉시 파기합니다.
## 2. 전항에도 불구하고 관계법령 등에서 개인위치정보를 보존할 의무 및 필요성이 있는 경우에는 그에 따라 보존합니다.
# 제13조(개인위치정보 주체의 권리)
## 1. 회원은 회사에 대하여 언제든지 개인위치정보를 이용한 위치기반서비스 제공 및 개인위치정보의 제3자 제공에 대한 동의의 전부 또는 일부를 철회할 수 있습니다. 이 경우 회사는 수집한 개인위치정보 및 위치정보 이용, 제공사실 확인자료를 파기합니다.
## 2. 회원은 회사에 대하여 언제든지 개인위치정보의 수집, 이용 또는 제공의 일시적인 중지를 요구할 수 있습니다.
## 3. 회원은 회사에 대하여 아래 각 호의 자료에 대한 열람 또는 고지를 요구할 수 있고, 당해 자료에 오류가 있는 경우에는 그 정정을 요구할 수 있습니다. 이 경우 회사는 정당한 사유 없이 회원의 요구를 거절할 수 없습니다.
### 가. 본인에 대한 위치정보 이용, 제공사실 확인자료
### 나. 본인의 위치정보가 제3자에게 제공된 이유 및 내용
## 4. 회원은 회사가 정한 절차에 따라 제1항 내지 제3항의 권리를 행사할 수 있습니다.
# 제14조(위치정보관리책임자의 지정)
## 1. 회사는 위치정보를 적절히 관리, 보호하고 개인위치정보주체의 불만을 원활히 처리할 수 있도록 실질적인 책임을 질 수 있는 지위에 있는 자를 위치정보의 관리 책임자로 지정하고 운영합니다.
## 2. 회사의 위치 정보관리책임자는 위치기반서비스의 제공에 관한 제반 사항을 담당·관리하는 부서의 대표로서, 구체적인 사항은 본 약관의 부칙에 따릅니다.
# 제15조(손해배상)
## 1. 회사가 위치정보의 보호 및 이용 등에 관한 법률 제15조 내지 제26조의 규정을 위반한 행위를 하여 회원에게 손해가 발생한 경우 회원은 회사에 대하여 손해배상 청구를 할 수 있습니다.
## 2. 회원이 고의 또는 과실로 본 약관의 규정을 위반하여 회사에 손해가 발생한 경우 회원은 회사에 발생한 모든 손해를 배상해야 합니다.
# 제16조 (면책)
## 1. 회사는 다음 각호의 사유로 서비스를 제공할 수 없는 경우 이로 인하여 회원에게 발생한 손해에 대한 책임을 부담하지 않습니다.
### 가. 천재지변 또는 이에 준하는 불가항력의 상태가 있는 경우
### 나. 제3자의 고의적인 서비스 방해가 있는 경우
### 다. 회원의 귀책사유로 서비스 이용에 장애가 있는 경우
### 라. 기타 회사의 고의 또는 과실이 없는 사유에 해당하는 경우
## 2. 회사는 서비스 및 서비스에 게재된 정보, 자료, 사실의 신뢰도 및 정확성 등에 대한 보증을 하지 않으며 이로 인하여 회원에게 발생한 손해에 대하여 책임을 부담하지 않습니다.
## 3. 회사는 회원이 서비스를 이용하며 기대하는 수익을 상실한 것에 대한 책임과, 그 밖의 서비스를 통하여 얻은 자료로 인하여 회원에게 발생한 손해에 대한 책임을 부담하지 않습니다.
# 제17조(분쟁의 조정)
## 1. 회사는 위치정보와 관련된 분쟁에 대해 당사자 간 협의가 이루어지지 아니하거나 협의를 할 수 없는 경우에는 '위치정보의 보호 및 이용 등에 관한 법률' 제28조의 규정에 따라 방송통신위원회에 재정을 신청할 수 있습니다.
## 2. 회사 또는 고객은 위치정보와 관련된 분쟁에 대해 당사자 간 협의가 이루어지지 아니하거나 협의를 할 수 없는 경우에는 '개인정보보호법' 제43조의 규정에 따라 개인정보 분쟁조정위원회에 조정을 신청할 수 있습니다.
# 제18조(회사의 연락처)
회사의 상호 및 주소 등은 다음과 같습니다.
## 1. 법인명 : (주)오투유엑스
## 2. 대표이사 : 안수진
## 3. 소재지 : 서울 강남구 도산대로26길 36 (논현동) 동인빌딩 2층 오투유엑스
## 4. 연락처 : 02.529.8665
# 부칙
# 제1조(시행일)
본 약관은 2025.02.01.부터 시행합니다.
# 제2조(위치정보관리책임자)
위치정보관리책임자는 2025.02.01.를 기준으로 다음과 같이 지정합니다.
## 1. 소속 : (주)오투유엑스
## 2. 성명 : 안수진
## 3. 직위 : 대표
## 4. 전화 : 02.529.866 ",app_lbs_consense,false,true,1,verison,2025-03-01
마케팅 정보 활용 동,"MOYO 가 제공하는 이용자 맞춤형 서비스 및 사품 추천, 각종 경품 행사, 이벤트 등의 광고성 정보를 전자우편이나 서신우편, 문자(SMS 또는 카카오 알림톡), 푸시, 전화 등을 통해 이용자에게 제공합니다.

마케팅 수신 동의는 선택하지 않으실 수 있으며 동의 후라도 고객의 의사에 따라 처리할 수 있습니다. 

관련 법규에 의거 선택정보 사항에 대해서는 동의 거부 또는 철회하더라도 서비스 이용에 제한되지 않습니다. 단 할인, 이벤트 및 이용자 맞춤형 상품 추천 등의 마케팅 정보 안내 서비스가 제한됩니다.

## 1. 이용항목 :  전화번호, 이메일, 주소(자택, 직장)
## 2. 이용목적 : 인구통계학적 특성에 따른 서비스제공, 광고 게재, 이벤트, 신상 등 광고성 정보 전달 및 참여기회 제공, 접속 빈도 파악, 신규 및 제휴 비즈니스 관려 서비스 제공 및 각종 마케팅 활동
## 3. 이용기간 : 탈퇴 시까지
",app_benefit_event_noti,false,true,1,verison,2025-03-01
탈퇴약관,"1.  회원탈퇴 시 개인정보 및 MOYO에서 만들어진 모든 데이터는 삭제되며, 삭제된 데이터는 복구 할 수 없어요
> (이름, 프로필 사진, 포스트, 댓글, 채팅 내용, 동행 참여 및 진행 내역, 좋아요, 저장 내역 등)
2. 부정 이용 방지를 위해 `탈퇴 후 7일 동안` MOYO에 다시 가입 할 수 없어요
3. 참여 또는 진행하고 있는 동행이 있다면 탈퇴 할 수 없어요
",user_withdrawal,false,true,1,verison,2025-01-01
